ID;Descrição;produto;qta baixar;
16601937060;Kit10 Petisco Snack Cremoso MeguisPet p/Gatos Atum 1+1 = 2 Pacotes = 10 saches Total 150g;atum 15g;10;
16582297799;Areia Higiênica para Gatos MeguisPet Bentonita Premium 3kg;areia bentonita 3k;1;
16578760874;Petisco Snack Cremoso p/Gatos Sabor Frango MeguisPet 5 saches 15g Total 75g;frango 15g;5;
16570431774;Petisco Cremoso Sabor Atum 15g;atum 15g;1;
16570431147;Petisco Cremoso Sabor Frango 15g;frango 15g;1;
16570429992;Petisco Cremoso Sabor Salmao 15g;salmao 15g;1;
16566512618;Kit15 Petisco Snack Cremoso MeguisPet p/Gatos Sabor Frango 1+1+1 = 3 Pacotes=15 saches Total 225g;frango 15g;15;
16566512474;Kit15 Petisco Snack Cremoso MeguisPet p/Gatos Sabor 1Frango +1Atum +1Salmao= 3 Pacotes Total 225g;frango+atum+salmao 15g;5;cada
16566512365;Kit10 Petisco Snack Cremoso MeguisPet p/Gatos Atum 1+1 = 2 Pacotes = 10 saches Total 150g;atum 15g;10;
16566512281;Kit10 Petisco Snack Cremoso MeguisPet p/Gatos Sabor Salmao 1+1 = 2 Pacotes = 10 saches Total 150g;salmao 15g;10;
16566512239;Petisco Snack Cremoso p/Gatos Sabor Salmao MeguisPet 5 saches 15g Total 75g;salmao 15g;5;
16566512151;Kit10 Petisco Snack Cremoso MeguisPet para Gatos Sabor frango 1+1 = 2 Pacotes = 10 saches Total 150g;frango 15g;10;
16566512035;Kit15 Petisco Snack Cremoso MeguisPet p/Gatos Sabor Atum 1+1+1 = 3 Pacotes=15 saches Total 225g;atum 15g;15;
16566511970;Kit15 Petisco Snack Cremoso MeguisPet p/Gatos Sabor Salmao 1+1+1=3 Pacotes=15 saches Total 225g;salmao 15g;15;
16566511938;Petisco Snack Cremoso p/Gatos Sabor Frango MeguisPet 5 saches 15g Total 75g;frango 15g;5;
16566511784;Kit10 Petisco Snack Cremoso MeguisPet p/Gatos Sabor Frango 1+1 = 2 Pacotes = Total 150g;frango 15g;10;
16566511639;Colher de alimentação espremedoura de sachês de petiscos para Gatos Meguispet;colher;1;
16566511550;Kit30 Petisco Snack Cremoso MeguisPet p/Gatos Sabor 2 Frango +2 Atum +2 Salmao Total 450g 30 saches;frango+atum+salmao 15g;10;cada
16566511466;MeguisBox-60 Petisco Snack Cremoso p/Gatos 20 Frango - 20 Atum - 20 Salmao Total 900g - 60 saches + Colher Espremedora;frango+atum+salmao 15g;20;cada
16566511328;Petisco Snack Cremoso p/Gatos Sabor Atum MeguisPet 5 saches 15g Total 75g;atum 15g;5;
